live_url,topic,decision,new_route,reason
https://www.freetins.com/close-up-pics-answers-and-cheats-for-all-levels/,Close Up Pics answers,rewrite and publish later,/answers/close-up-pics/,Aligned answer-sheet intent; needs a full accuracy pass and searchable table.
https://www.freetins.com/best-gba-games-emulator-pokemon-roms-time/,Best GBA games,rewrite and publish later,/guides/best-gba-games/,Aligned game guide if rewritten around legal acquisition and current platforms.
https://www.freetins.com/adventure-capitalist-cheats-for-android-pc-and-ios/,AdVenture Capitalist cheats,rewrite and publish later,/guides/adventure-capitalist/,Aligned game intent; rewrite as honest progression guidance rather than hacks.
https://www.freetins.com/adventure-capitalist-support-code/,AdVenture Capitalist support code,merge into planned guide,/guides/adventure-capitalist/,Same entity and intent; a separate thin support-code page would compete with the main guide.
https://www.freetins.com/nintendo-switch-2-features-games-cost-and-more/,Nintendo Switch 2 features,rewrite and publish later,/guides/nintendo-switch-2/,Aligned gaming guide but every price feature and availability claim needs a current official-source review.
https://www.freetins.com/kurugin-rainmeter-skin/,Kurugin Rainmeter skin,remove,,Desktop customization is outside the new gaming-help architecture and has no reported traffic protection.
https://www.freetins.com/jarvis-iron-man-a-blue-rainmeter-skin-theme-inspiration/,Jarvis Rainmeter skin,remove,,Desktop customization is outside scope.
https://www.freetins.com/cowan-clock-for-rainmeter/,Cowan Clock Rainmeter skin,remove,,Desktop customization is outside scope.
https://www.freetins.com/amd-ryzen-rainmeter-skin-setup/,AMD Ryzen Rainmeter skin,remove,,Desktop customization is outside scope.
https://www.freetins.com/monstercat-visualizer-rainmeter-realtime-audio-visualizer/,Monstercat Rainmeter visualizer,remove,,Desktop customization is outside scope.
https://www.freetins.com/visbubble-round-visualizer-for-rainmeter-skin/,VisBubble Rainmeter visualizer,remove,,Desktop customization is outside scope.
https://www.freetins.com/jarvis-shield-interface-rainmeter-skin-installation/,Jarvis Shield Rainmeter skin,remove,,Desktop customization is outside scope.
https://www.freetins.com/blackmart-alpha-apk-latest-version-blackmarket-apk/,Blackmart Alpha APK,remove,,Unsafe unofficial-download intent and outside scope.
https://www.freetins.com/what-is-coding-learn-computing-programming/,What is coding,remove,,Broad educational technology topic does not fit the focused game-help architecture.
https://www.freetins.com/best-iphone-secret-codes-to-unlock-hidden-features-and-settings/,iPhone secret codes,remove,,Broad phone utility content is outside scope and can age into unsafe advice.
https://www.freetins.com/best-ios-emulator-for-windows-pc-that-runs-apple-store-apps/,iOS emulators for Windows,remove,,Misleading software intent and outside the game-help architecture.
https://www.freetins.com/alternative-websites-like-craigslist-jobs-furniture-apartments-cars/,Craigslist alternatives,remove,,Unrelated marketplace topic.
https://www.freetins.com/adblock-vs-adblock-plus-chrome-android-firefox-safari/,Adblock comparison,remove,,Broad browser utility topic is outside scope.
https://www.freetins.com/ambigram-generator-examples/,Ambigram generator,remove,,Unrelated design utility topic.
https://www.freetins.com/download-jw-player-videos-high-quality/,JW Player downloads,remove,,Copyright and unsafe-download risk with no fit in the new architecture.
